id,url,UserCount,PullRequests
3,https://api.github.com/repos/matplotlib/basemap,17,93
8,https://api.github.com/repos/NUBIC/ncs_navigator_core,10,298
34,https://api.github.com/repos/github/android,34,142
55,https://api.github.com/repos/yui/yui3,16,827
63,https://api.github.com/repos/pculture/unisubs,13,254
90,https://api.github.com/repos/mana/manaserv,10,68
108,https://api.github.com/repos/racker/virgo,145,454
118,https://api.github.com/repos/ryanb/cancan,13,171
146,https://api.github.com/repos/mobify/mobifyjs,33,159
190,https://api.github.com/repos/Netflix/SimianArmy,47,79
236,https://api.github.com/repos/bitly/dablooms,33,55
284,https://api.github.com/repos/mongodb/mongo,34,519
340,https://api.github.com/repos/netty/netty,14,609
344,https://api.github.com/repos/collectiveidea/delayed_job,13,161
381,https://api.github.com/repos/aeolusproject/imagefactory,39,226
418,https://api.github.com/repos/sunpy/sunpy,12,354
474,https://api.github.com/repos/mozilla/mozbase,17,49
489,https://api.github.com/repos/Shopify/active_merchant,110,686
544,https://api.github.com/repos/sproutcore/sproutcore,14,506
559,https://api.github.com/repos/jupiterjs/canjs,12,39
562,https://api.github.com/repos/Shopify/batman,98,288
574,https://api.github.com/repos/projectwonder/wonder,18,354
581,https://api.github.com/repos/mono/mono,56,772
587,https://api.github.com/repos/heroku/heroku-buildpack-ruby,17,86
613,https://api.github.com/repos/MovingBlocks/Terasology,36,236
617,https://api.github.com/repos/wikimedia/WLMMobile,16,264
655,https://api.github.com/repos/LearnProgramming/LPMCBot,10,66
657,https://api.github.com/repos/spree/spree_reviews,33,55
683,https://api.github.com/repos/mozilla/openbadges,11,272
687,https://api.github.com/repos/gwu-libraries/launchpad,10,21
714,https://api.github.com/repos/puppetlabs/puppet-docs,50,230
760,https://api.github.com/repos/enyojs/enyo,38,424
769,https://api.github.com/repos/plexinc-plugins/Services.bundle,15,516
774,https://api.github.com/repos/mozilla/Socorro-Tests,26,221
866,https://api.github.com/repos/GeoNode/geonode,15,537
868,https://api.github.com/repos/pivotal/pivotal_workstation,25,222
937,https://api.github.com/repos/grails/grails-core,10,403
977,https://api.github.com/repos/seajs/seajs,12,51
1005,https://api.github.com/repos/puppetlabs/puppet-acceptance,76,511
1008,https://api.github.com/repos/zendframework/zf2-documentation,10,974
1038,https://api.github.com/repos/blackberry/WebWorks-Community-APIs,16,101
1041,https://api.github.com/repos/twitter/zipkin,240,241
1065,https://api.github.com/repos/django-nonrel/djangotoolbox,13,20
1107,https://api.github.com/repos/mesos/spark,16,787
1113,https://api.github.com/repos/travis-ci/travis-core,39,204
1127,https://api.github.com/repos/duckduckgo/zeroclickinfo-spice,22,156
1182,https://api.github.com/repos/twitter/scalding,287,450
1267,https://api.github.com/repos/zendframework/ZendSkeletonApplication,10,174
1282,https://api.github.com/repos/Pylons/pyramid,18,708
1301,https://api.github.com/repos/heroku/heroku,16,262
1312,https://api.github.com/repos/zencoder/video-js,11,166
1372,https://api.github.com/repos/twitter/finagle,249,116
1404,https://api.github.com/repos/lml/quadbase,11,88
1416,https://api.github.com/repos/facebook/facebook-php-sdk,37,91
1523,https://api.github.com/repos/mozilla/marketplace-tests,26,337
1536,https://api.github.com/repos/dellcloudedge/barclamp-nova_dashboard,18,46
1577,https://api.github.com/repos/dellcloudedge/barclamp-dns,18,32
1580,https://api.github.com/repos/dellcloudedge/barclamp-ipmi,18,26
1581,https://api.github.com/repos/dellcloudedge/barclamp-keystone,18,52
1593,https://api.github.com/repos/dellcloudedge/barclamp-ganglia,18,26
1599,https://api.github.com/repos/dellcloudedge/barclamp-swift,18,40
1617,https://api.github.com/repos/dellcloudedge/barclamp-nagios,18,40
1624,https://api.github.com/repos/dellcloudedge/barclamp-glance,18,58
1642,https://api.github.com/repos/dellcloudedge/barclamp-provisioner,18,89
1648,https://api.github.com/repos/scalaz/scalaz,18,428
1654,https://api.github.com/repos/html5rocks/www.html5rocks.com,21,226
1678,https://api.github.com/repos/cucumber/cucumber,29,248
1794,https://api.github.com/repos/openengsb/openengsb-framework,15,708
1868,https://api.github.com/repos/zendframework/ZendDeveloperTools,10,77
1884,https://api.github.com/repos/walmartlabs/thorax,62,111
1962,https://api.github.com/repos/WindowsAzure/azure-sdk-for-node,41,423
1965,https://api.github.com/repos/cakephp/docs,24,790
2010,https://api.github.com/repos/dellcloudedge/barclamp-deployer,18,82
2014,https://api.github.com/repos/dellcloudedge/barclamp-mysql,18,25
2015,https://api.github.com/repos/jupiterjs/jquerymx,15,87
2017,https://api.github.com/repos/dellcloudedge/barclamp-nova,18,100
2021,https://api.github.com/repos/dellcloudedge/barclamp-crowbar,18,308
2033,https://api.github.com/repos/dellcloudedge/barclamp-network,18,109
2042,https://api.github.com/repos/dojo/dojox,20,44
2080,https://api.github.com/repos/dojo/dojo,20,29
2202,https://api.github.com/repos/litl/rauth,29,70
2209,https://api.github.com/repos/xtuple/database,12,245
2244,https://api.github.com/repos/thoughtbot/factory_girl,71,163
2281,https://api.github.com/repos/gradle/gradle,13,200
2306,https://api.github.com/repos/dellcloudedge/barclamp-logging,18,31
2322,https://api.github.com/repos/basho/riak_control,14,107
2340,https://api.github.com/repos/beefproject/beef,21,80
2344,https://api.github.com/repos/facebook/facebook-ios-sdk,54,181
2422,https://api.github.com/repos/guardian/deploy,57,107
2487,https://api.github.com/repos/recurly/recurly-js,10,31
2497,https://api.github.com/repos/blackberry/GamePlay,19,845
2508,https://api.github.com/repos/madlib/madlib,19,258
2532,https://api.github.com/repos/OpenMRS/openmrs-module-htmlformentry,23,50
2541,https://api.github.com/repos/xtuple/client,12,424
2558,https://api.github.com/repos/zurb/foundation,16,800
2597,https://api.github.com/repos/opscode-cookbooks/postgresql,29,81
2602,https://api.github.com/repos/mono/monodevelop,57,409
2634,https://api.github.com/repos/edgecase/ruby_koans,32,50
2635,https://api.github.com/repos/rakudo/rakudo,25,213
2713,https://api.github.com/repos/openshift/rhc,12,468
2719,https://api.github.com/repos/mperham/sidekiq,11,390
2831,https://api.github.com/repos/AnalyticalGraphicsInc/cesium,11,758
2863,https://api.github.com/repos/ooici/ion-definitions,40,402
2888,https://api.github.com/repos/fluent/fluentd,10,126
2896,https://api.github.com/repos/SkyPHP/skyphp,17,215
2908,https://api.github.com/repos/habari/system,18,57
2919,https://api.github.com/repos/inviqa/chef-php-extra,57,26
2979,https://api.github.com/repos/SkyPHP/cms,17,104
2980,https://api.github.com/repos/technicalpickles/homesick,11,30
3083,https://api.github.com/repos/floodlight/floodlight,37,406
3172,https://api.github.com/repos/UnionOfRAD/manual,11,50
3174,https://api.github.com/repos/facebook/folly,14,22
3209,https://api.github.com/repos/FreeRDP/FreeRDP,11,795
3228,https://api.github.com/repos/IronFoundry/ironfoundry,20,22
3299,https://api.github.com/repos/dellcloudedge/barclamp-clouderamanager,18,53
3329,https://api.github.com/repos/opscode-cookbooks/windows,29,60
3334,https://api.github.com/repos/dellcloudedge/barclamp-hive,18,20
3342,https://api.github.com/repos/mozilla-b2g/B2G,117,182
3348,https://api.github.com/repos/dellcloudedge/barclamp-sqoop,18,20
3404,https://api.github.com/repos/jenkinsci/walldisplay-plugin,304,28
3409,https://api.github.com/repos/jigoshop/jigoshop,10,264
3450,https://api.github.com/repos/pentaho/big-data-plugin,23,173
3452,https://api.github.com/repos/LimeSurvey/LimeSurvey,26,143
3619,https://api.github.com/repos/YaleSTC/reservations,10,34
3643,https://api.github.com/repos/SpringSource/spring-data-rest,74,23
3665,https://api.github.com/repos/yahoo/mojito,12,906
3671,https://api.github.com/repos/NoamB/sorcery,12,160
3680,https://api.github.com/repos/ceylon/ceylon-lang.org,16,61
3698,https://api.github.com/repos/blackberry-webworks/Ripple-UI,14,58
3721,https://api.github.com/repos/ceylon/ceylon-spec,16,54
3732,https://api.github.com/repos/ceylon/ceylon-ide-eclipse,15,34
3754,https://api.github.com/repos/mono/monotouch-bindings,71,99
3764,https://api.github.com/repos/lunar-linux/moonbase-other,11,107
3777,https://api.github.com/repos/NixOS/nixpkgs,26,880
3787,https://api.github.com/repos/alohaeditor/Aloha-Editor,20,497
3805,https://api.github.com/repos/tomahawk-player/tomahawk,18,212
3892,https://api.github.com/repos/blackberry-webworks/WebWorks-API-Docs,34,258
3918,https://api.github.com/repos/Yelp/mrjob,11,351
3932,https://api.github.com/repos/opscode-cookbooks/mysql,29,120
3944,https://api.github.com/repos/Kozea/WeasyPrint,15,23
3964,https://api.github.com/repos/Raizlabs/WebServiceManager,18,45
4021,https://api.github.com/repos/basho/rebar,14,301
4049,https://api.github.com/repos/aptana/studio3,18,77
4068,https://api.github.com/repos/jruby/jruby,17,483
4072,https://api.github.com/repos/ingenuitas/SimpleSeer,11,109
4092,https://api.github.com/repos/stackmob/stackmob-java-client-sdk,22,23
4114,https://api.github.com/repos/CocoaPods/CocoaPods,33,200
4179,https://api.github.com/repos/meltmedia/cadmium,40,68
4221,https://api.github.com/repos/symfony-cmf/cmf-sandbox,32,128
4232,https://api.github.com/repos/operasoftware/shinydemos,17,183
4267,https://api.github.com/repos/pods-framework/pods,12,85
4329,https://api.github.com/repos/puppetlabs/puppetlabs-openstack,73,158
4386,https://api.github.com/repos/twitter/twitter-text-js,226,76
4393,https://api.github.com/repos/puppetlabs/puppetdb,80,687
4410,https://api.github.com/repos/mercadolibre/mercadolibre.github.com,267,164
4468,https://api.github.com/repos/plexinc-plugins/SiteConfigurations.bundle,15,31
4477,https://api.github.com/repos/opscode/cookbooks,54,401
4485,https://api.github.com/repos/adobe/brackets-shell,35,291
4503,https://api.github.com/repos/mangos/mangos,31,62
4508,https://api.github.com/repos/hiidef/oauth2app,13,35
4563,https://api.github.com/repos/voldemort/voldemort,18,80
4573,https://api.github.com/repos/infochimps-labs/ironfan,16,93
4612,https://api.github.com/repos/mapnik/mapnik,11,151
4641,https://api.github.com/repos/perl6/nqp,34,64
4660,https://api.github.com/repos/twitter/twitter-cldr-rb,226,79
4683,https://api.github.com/repos/rackspace/repose,23,467
4713,https://api.github.com/repos/webdetails/cdf,17,58
4751,https://api.github.com/repos/Catrobat/Catroid,100,425
4765,https://api.github.com/repos/bigbluebutton/bigbluebutton,14,272
4779,https://api.github.com/repos/sunlightlabs/openstates,10,106
4964,https://api.github.com/repos/cloudhead/less.js,10,306
5012,https://api.github.com/repos/LearnProgramming/standards-and-practices,10,253
5016,https://api.github.com/repos/rails/activeresource,28,63
5031,https://api.github.com/repos/ClusterLabs/resource-agents,10,290
5093,https://api.github.com/repos/mikeal/request,10,248
5116,https://api.github.com/repos/firebug/firebug,13,104
5118,https://api.github.com/repos/JacksonRiver/springboard_modules,13,322
5184,https://api.github.com/repos/toastdriven/django-haystack,11,257
5210,https://api.github.com/repos/square/okhttp,14,217
5245,https://api.github.com/repos/sferik/twitter,11,137
5323,https://api.github.com/repos/plataformatec/responders,24,31
5349,https://api.github.com/repos/mozilla/popcorn-js,13,312
5383,https://api.github.com/repos/joyent/smartos-live,37,67
5400,https://api.github.com/repos/ooici/pyon,42,396
5433,https://api.github.com/repos/Singly/hallway,25,274
5444,https://api.github.com/repos/apigee/usergrid-stack,22,188
5446,https://api.github.com/repos/cappuccino/cappuccino,10,645
5461,https://api.github.com/repos/carlhuda/bundler,16,508
5516,https://api.github.com/repos/geoserver/geoserver,18,355
5556,https://api.github.com/repos/Sage-Bionetworks/SynapseWebClient,13,608
5589,https://api.github.com/repos/blackberry/blackberry.github.com,14,120
5591,https://api.github.com/repos/puppetlabs/facter,107,546
5599,https://api.github.com/repos/D-Programming-Language/druntime,10,633
5626,https://api.github.com/repos/sampsyo/beets,12,176
5667,https://api.github.com/repos/libgit2/objective-git,18,229
5754,https://api.github.com/repos/Automattic/_s,11,216
5767,https://api.github.com/repos/openlayers/openlayers,12,716
5784,https://api.github.com/repos/Kunena/Kunena-2.0,11,887
5933,https://api.github.com/repos/modilabs/formhub,18,617
6087,https://api.github.com/repos/ooyala/barkeep,21,61
6163,https://api.github.com/repos/moai/moai-dev,26,201
6171,https://api.github.com/repos/JetBrains/la-clojure,13,23
6189,https://api.github.com/repos/mozilla/bidpom,50,41
6200,https://api.github.com/repos/thoughtbot/trail-map,45,99
6220,https://api.github.com/repos/openwebos/luna-sysmgr,11,21
6250,https://api.github.com/repos/berk/tr8n,10,22
6413,https://api.github.com/repos/twitter/commons,227,143
6432,https://api.github.com/repos/explivre/ExpressoLivre3,29,248
6468,https://api.github.com/repos/ModeShape/modeshape,13,972
6489,https://api.github.com/repos/Atmosphere/atmosphere,10,158
6504,https://api.github.com/repos/Kunstmaan/KunstmaanAdminBundle,16,201
6531,https://api.github.com/repos/mochi/mochiweb,15,58
6570,https://api.github.com/repos/puppetlabs/hiera,29,143
6584,https://api.github.com/repos/Shopify/liquid,177,135
6606,https://api.github.com/repos/toastdriven/django-tastypie,14,516
6648,https://api.github.com/repos/RiotGames/nexus_cli,12,70
6706,https://api.github.com/repos/pivotal/jasmine,14,182
6797,https://api.github.com/repos/Normation/rudder,11,343
6849,https://api.github.com/repos/wet-boew/wet-boew-drupal,48,586
6994,https://api.github.com/repos/cucumber/gherkin,29,102
7033,https://api.github.com/repos/shutterstock/rickshaw,25,125
7058,https://api.github.com/repos/pry/pry,14,182
7061,https://api.github.com/repos/mapbox/tilemill,27,109
7114,https://api.github.com/repos/acardona/CATMAID,11,68
7148,https://api.github.com/repos/Netflix/curator,64,138
7291,https://api.github.com/repos/Normation/rudder-doc,11,31
7347,https://api.github.com/repos/MarkUsProject/Markus,69,602
7456,https://api.github.com/repos/blackberry-webworks/BB10-Webworks-Packager,36,118
7511,https://api.github.com/repos/Sage-Bionetworks/Synapse-Repository-Services,13,727
7559,https://api.github.com/repos/enthought/enaml,58,184
7560,https://api.github.com/repos/paparazzi/paparazzi,11,346
7575,https://api.github.com/repos/dotcloud/dotcloud-cli,13,22
7588,https://api.github.com/repos/OpenMDAO/OpenMDAO-Framework,14,788
7608,https://api.github.com/repos/reddit/reddit,11,417
7640,https://api.github.com/repos/jfirebaugh/konacha,19,63
7698,https://api.github.com/repos/datamapper/do,11,26
7699,https://api.github.com/repos/mozilla/moztrap,11,36
7856,https://api.github.com/repos/Cronus-Emulator/Cronus,10,101
7894,https://api.github.com/repos/RubyMoney/money,52,159
7900,https://api.github.com/repos/mozilla-b2g/gonk-misc,113,117
7933,https://api.github.com/repos/facebook/facebook-android-sdk,46,78
7944,https://api.github.com/repos/mangosR2/mangos,27,37
8096,https://api.github.com/repos/hirocaster/wdpress69,202,296
8352,https://api.github.com/repos/github/gollum,38,201
8390,https://api.github.com/repos/bagder/curl,15,82
8466,https://api.github.com/repos/puppetlabs/puppetlabs-rabbitmq,27,110
8497,https://api.github.com/repos/novus/nvd3,14,127
8612,https://api.github.com/repos/jboss-switchyard/components,10,604
8623,https://api.github.com/repos/basho/eleveldb,14,60
8626,https://api.github.com/repos/documentcloud/documentcloud,12,23
8652,https://api.github.com/repos/bsdperimeter/pfsense,16,465
8703,https://api.github.com/repos/codeforamerica/brigade,53,176
8860,https://api.github.com/repos/enyojs/onyx,39,169
8991,https://api.github.com/repos/bem/bem-tools,19,182
8992,https://api.github.com/repos/NuGet/NuGetGallery,21,553
9095,https://api.github.com/repos/holderdeord/hdo-site,24,95
9122,https://api.github.com/repos/TheMuppets/proprietary_vendor_samsung,13,307
9126,https://api.github.com/repos/racker/rackspace-monitoring,136,31
9174,https://api.github.com/repos/django-nonrel/mongodb-engine,13,50
9197,https://api.github.com/repos/ushahidi/Ushahidi_Web,14,178
9204,https://api.github.com/repos/VoltDB/voltdb,15,857
9241,https://api.github.com/repos/tangentlabs/django-oscar,14,534
9259,https://api.github.com/repos/rails/arel,27,148
9274,https://api.github.com/repos/flatiron/plates,18,42
9354,https://api.github.com/repos/freenet/fred-staging,11,192
9488,https://api.github.com/repos/telerik/kendo-docs,45,33
9531,https://api.github.com/repos/OpenMRS/openmrs-module-hl7query,33,66
9582,https://api.github.com/repos/ansible/ansible.github.com,11,102
9585,https://api.github.com/repos/sympy/sympy-bot,17,79
9616,https://api.github.com/repos/mindsnacks/Zinc-ObjC,24,76
9750,https://api.github.com/repos/taobao/tengine,15,173
9807,https://api.github.com/repos/exoplatform/social,12,227
9819,https://api.github.com/repos/eldarion/pycon,10,21
9951,https://api.github.com/repos/flatiron/flatiron,17,57
10080,https://api.github.com/repos/sugarcrm/sugarcrm_dev,105,165
10081,https://api.github.com/repos/dimagi/core-hq,16,979
10083,https://api.github.com/repos/exoplatform/platform,14,395
10182,https://api.github.com/repos/exoplatform/exogtn,11,134
10269,https://api.github.com/repos/eucalyptus/eucalyptus,13,38
10384,https://api.github.com/repos/exoplatform/ecms,14,507
10441,https://api.github.com/repos/mercadolibre/chico,270,275
10457,https://api.github.com/repos/cucumber/cucumber-js,16,37
10502,https://api.github.com/repos/technomancy/leiningen,33,395
10641,https://api.github.com/repos/projectkudu/kudu,13,318
10646,https://api.github.com/repos/opscode-cookbooks/chef-client,26,121
10657,https://api.github.com/repos/mifos/head,15,338
10720,https://api.github.com/repos/SpoutDev/SpoutAPI,10,573
10735,https://api.github.com/repos/simplegeo/python-oauth2,22,62
10756,https://api.github.com/repos/basho/riak_core,14,341
10764,https://api.github.com/repos/facebook/phabricator,139,177
10773,https://api.github.com/repos/opscode-cookbooks/iis,26,41
10882,https://api.github.com/repos/pivotal/projectmonitor,19,24
11108,https://api.github.com/repos/Sage-Bionetworks/Synapse-Stack-Builder,13,61
11122,https://api.github.com/repos/mozilla-b2g/b2g-manifest,113,105
11124,https://api.github.com/repos/mbleigh/acts-as-taggable-on,10,116
11315,https://api.github.com/repos/wordnik/swagger-core,24,71
11317,https://api.github.com/repos/nemomobile/nemo-qml-plugins,15,146
11321,https://api.github.com/repos/travis-ci/travis-ci.github.com,43,317
11326,https://api.github.com/repos/janrain/janrain-backplane-2,70,45
11338,https://api.github.com/repos/libgit2/pygit2,20,174
11347,https://api.github.com/repos/podio/jquery-mentions-input,11,23
11379,https://api.github.com/repos/alphagov/smart-answers,85,573
11525,https://api.github.com/repos/rcbops-cookbooks/kong,17,41
11562,https://api.github.com/repos/forcedotcom/SalesforceMobileSDK-Shared,38,129
11630,https://api.github.com/repos/cloudfoundry/vcap,14,130
11632,https://api.github.com/repos/wordnik/swagger-ui,23,93
11644,https://api.github.com/repos/opscode-cookbooks/rabbitmq,26,86
11649,https://api.github.com/repos/netzpirat/haml-coffee,13,22
11660,https://api.github.com/repos/rails/sass-rails,32,39
11814,https://api.github.com/repos/seomoz/qless,58,75
11874,https://api.github.com/repos/xp-framework/xp-framework,16,192
11959,https://api.github.com/repos/rails/strong_parameters,24,101
12031,https://api.github.com/repos/rubinius/rubinius,101,918
12102,https://api.github.com/repos/mozilla/watchdog-manager,25,20
12105,https://api.github.com/repos/Kunstmaan/KunstmaanFormBundle,17,56
12106,https://api.github.com/repos/rcbops/chef-cookbooks,12,350
12132,https://api.github.com/repos/svenfuchs/rails-i18n,10,289
12258,https://api.github.com/repos/plataformatec/devise,24,526
12316,https://api.github.com/repos/qgis/Quantum-GIS,22,894
12323,https://api.github.com/repos/crowdfavorite/wp-social,16,27
12383,https://api.github.com/repos/exoplatform/webos,13,22
12455,https://api.github.com/repos/k9mail/k-9,17,400
12558,https://api.github.com/repos/lift/framework,54,194
12607,https://api.github.com/repos/NixOS/nixos,25,157
12615,https://api.github.com/repos/edgecase/ECSlidingViewController,17,42
12664,https://api.github.com/repos/concord-consortium/lab,12,37
12702,https://api.github.com/repos/ekmett/lens,19,111
12722,https://api.github.com/repos/exoplatform/cs,14,100
12830,https://api.github.com/repos/wayneeseguin/rvm,11,718
12885,https://api.github.com/repos/sferik/rails_admin,11,563
13021,https://api.github.com/repos/thoughtbot/suspenders,39,119
13116,https://api.github.com/repos/dmwm/WMCore,14,527
13233,https://api.github.com/repos/webinos/Webinos-Platform,46,582
13294,https://api.github.com/repos/duckduckgo/zeroclickinfo-goodies,26,170
13296,https://api.github.com/repos/zsh-users/zsh-completions,18,103
13312,https://api.github.com/repos/omeka/Omeka,10,90
13374,https://api.github.com/repos/CyanogenMod/android_vendor_cm,86,32
13546,https://api.github.com/repos/northern-bites/nbites,26,379
13665,https://api.github.com/repos/datamapper/dm-core,10,52
13718,https://api.github.com/repos/caelum/vraptor,18,152
13733,https://api.github.com/repos/jenkinsci/gerrit-trigger-plugin,301,87
13759,https://api.github.com/repos/openplans/OpenTripPlanner,21,180
13860,https://api.github.com/repos/ruby/ruby,14,420
13998,https://api.github.com/repos/nathanmarz/storm-contrib,13,21
14080,https://api.github.com/repos/cosm/cosm-rb,14,35
14144,https://api.github.com/repos/SpringSource/spring-social,74,103
14163,https://api.github.com/repos/symfony/AsseticBundle,13,113
14184,https://api.github.com/repos/mozilla/Affiliates-Tests,28,35
14363,https://api.github.com/repos/sonatype/nexus,37,861
14394,https://api.github.com/repos/dava/dava.framework,12,215
14398,https://api.github.com/repos/droolsjbpm/guvnor,37,102
14489,https://api.github.com/repos/zendframework/ZendSkeletonModule,10,20
14534,https://api.github.com/repos/phdeniel/nfs-ganesha,20,40
14624,https://api.github.com/repos/MoSync/MoSync,20,506
14671,https://api.github.com/repos/laas/metapod,19,51
14883,https://api.github.com/repos/wiremod/wire,12,144
14901,https://api.github.com/repos/autotest/autotest,16,461
14915,https://api.github.com/repos/travis-ci/travis-ci,41,204
15058,https://api.github.com/repos/github/gitscm-next,11,128
15264,https://api.github.com/repos/lisa-lab/pylearn,11,81
15507,https://api.github.com/repos/TrinityCore/WowPacketParser,21,94
15698,https://api.github.com/repos/flatiron/winston,20,133
15762,https://api.github.com/repos/woothemes/woocommerce,17,985
15841,https://api.github.com/repos/plataformatec/simple_form,24,291
15870,https://api.github.com/repos/jenkinsci/jenkins,53,965
15883,https://api.github.com/repos/ciudadanointeligente/candidator,18,144
15966,https://api.github.com/repos/neo4j/community,26,475
16015,https://api.github.com/repos/SpringSource/grails-data-mapping,77,92
16060,https://api.github.com/repos/netzpirat/guard-jasmine,39,55
16132,https://api.github.com/repos/Obvious/matador,19,93
16164,https://api.github.com/repos/bsdperimeter/pfsense-tools,16,96
16166,https://api.github.com/repos/guard/guard,12,186
16204,https://api.github.com/repos/flatiron/nconf,17,40
16215,https://api.github.com/repos/mana/mana,10,38
16282,https://api.github.com/repos/tablexi/nucore-open,27,63
16640,https://api.github.com/repos/mozilla-services/mozservices,11,21
16864,https://api.github.com/repos/xtuple/node-datasource,11,150
16929,https://api.github.com/repos/Eyescale/Equalizer,12,43
16948,https://api.github.com/repos/BroadleafCommerce/BroadleafCommerce,12,62
16968,https://api.github.com/repos/crowdint/rails3-jquery-autocomplete,33,85
16990,https://api.github.com/repos/OP2/OP2-Common,14,44
17196,https://api.github.com/repos/basho/riak-python-client,15,189
17219,https://api.github.com/repos/cfengine/core,30,991
17288,https://api.github.com/repos/geany/geany,13,176
17462,https://api.github.com/repos/mozilla/jwcrypto,22,41
17473,https://api.github.com/repos/plone/Products.CMFPlone,234,73
17589,https://api.github.com/repos/thoughtbot/shoulda-matchers,74,201
17630,https://api.github.com/repos/puppetlabs/puppetlabs-cloud_provisioner,50,124
17694,https://api.github.com/repos/ceph/ceph,28,705
17735,https://api.github.com/repos/fatfreecrm/fat_free_crm,11,127
17807,https://api.github.com/repos/geany/geany-plugins,14,111
17827,https://api.github.com/repos/twitter/flockdb,240,48
17987,https://api.github.com/repos/mde/geddy,10,124
18159,https://api.github.com/repos/jenkinsci/warnings-plugin,301,27
18170,https://api.github.com/repos/shoes/shoes4,16,145
18260,https://api.github.com/repos/adhearsion/adhearsion,10,126
18353,https://api.github.com/repos/aptana/Pydev,16,47
18578,https://api.github.com/repos/rightscale/right_aws,99,61
18713,https://api.github.com/repos/basho/riak-erlang-client,14,96
18716,https://api.github.com/repos/rubygems/rubygems,11,266
18742,https://api.github.com/repos/MacRuby/MacRuby,10,68
18883,https://api.github.com/repos/bem/bem-bl,17,238
18956,https://api.github.com/repos/molgenis/molgenis_apps,24,412
19093,https://api.github.com/repos/ExactTarget/fuelux,15,101
19443,https://api.github.com/repos/puppetlabs/marionette-collective,45,119
19616,https://api.github.com/repos/thoughtbot/shoulda,72,22
19626,https://api.github.com/repos/OpenEmu/OpenEmu,15,66
19746,https://api.github.com/repos/jenkinsci/jenkins.rb,305,54
19787,https://api.github.com/repos/zurb/joyride,13,53
19844,https://api.github.com/repos/alphagov/publisher,82,131
19849,https://api.github.com/repos/nasa/mct,12,66
20052,https://api.github.com/repos/frogatto/frogatto,13,22
20225,https://api.github.com/repos/ging/social_stream,10,36
20276,https://api.github.com/repos/Cotonti/Cotonti,11,34
20361,https://api.github.com/repos/globocom/IWantToWorkAtGloboCom,78,192
20429,https://api.github.com/repos/thoughtbot/paperclip,73,385
20683,https://api.github.com/repos/flatiron/resourceful,20,56
20700,https://api.github.com/repos/svenfuchs/text-to-squares,10,67
20768,https://api.github.com/repos/customink/fauxhai,20,34
20849,https://api.github.com/repos/projectblacklight/blacklight,12,95
20868,https://api.github.com/repos/pubnub/pubnub-api,39,41
20888,https://api.github.com/repos/walmartlabs/hapi,74,441
20931,https://api.github.com/repos/friendica/friendica,12,722
20985,https://api.github.com/repos/cgeo/c-geo-opensource,10,811
21074,https://api.github.com/repos/bsdperimeter/pfsense-packages,24,400
21093,https://api.github.com/repos/jruby/activerecord-jdbc-adapter,28,211
21158,https://api.github.com/repos/friendica/friendica-addons,11,155
21284,https://api.github.com/repos/mapbox/millstone,18,23
21292,https://api.github.com/repos/isenseDev/iSENSE,14,347
21388,https://api.github.com/repos/SpoutDev/SpoutPlugin,13,78
21597,https://api.github.com/repos/geotools/geotools,22,289
21660,https://api.github.com/repos/SpringSource/spring-test-mvc,75,36
21703,https://api.github.com/repos/rightscale/right_link,110,250
21946,https://api.github.com/repos/GroupCommerce/sdk.dotnet,43,118
22016,https://api.github.com/repos/opscode-cookbooks/build-essential,26,23
22019,https://api.github.com/repos/basho/riak,14,283
22138,https://api.github.com/repos/stapler/stapler,11,20
22338,https://api.github.com/repos/away3d/away3d-core-fp11,21,121
22537,https://api.github.com/repos/GalSim-developers/GalSim,18,147
22668,https://api.github.com/repos/Netflix/Priam,41,186
22811,https://api.github.com/repos/opscode/ohai,67,205
22854,https://api.github.com/repos/appfog/afdocs,20,26
22885,https://api.github.com/repos/openSUSE/one-click-installer,19,47
22906,https://api.github.com/repos/felixge/node-mysql,11,152
23032,https://api.github.com/repos/rumblelabs/asset_sync,16,82
23043,https://api.github.com/repos/Netflix/astyanax,41,148
23052,https://api.github.com/repos/buildbot/buildbot,10,902
23176,https://api.github.com/repos/DarthFubuMVC/fubumvc,10,207
23280,https://api.github.com/repos/opscode-cookbooks/nginx,26,160
23312,https://api.github.com/repos/Unvanquished/Unvanquished,11,109
23480,https://api.github.com/repos/koush/ROMManagerManifest,13,221
23593,https://api.github.com/repos/radiant/radiant,16,60
23623,https://api.github.com/repos/opscode/knife-ec2,66,136
23635,https://api.github.com/repos/postrank-labs/goliath,25,123
23830,https://api.github.com/repos/mootools/mootools-core,13,248
24030,https://api.github.com/repos/commontk/CTK,28,64
24092,https://api.github.com/repos/iFixit/itbrokeand.ifixit.com,20,21
24370,https://api.github.com/repos/phpbb/customisation-db,20,135
24397,https://api.github.com/repos/github/linguist,35,505
24444,https://api.github.com/repos/phpmyadmin/phpmyadmin,11,719
24508,https://api.github.com/repos/mozilla/kpi-dashboard,20,22
24575,https://api.github.com/repos/collectionspace/services,10,131
24761,https://api.github.com/repos/enspiral/loomio,13,521
24828,https://api.github.com/repos/jboss-switchyard/quickstarts,10,271
25085,https://api.github.com/repos/neo4j/enterprise,23,62
25156,https://api.github.com/repos/alphagov/govuk_content_models,62,99
25326,https://api.github.com/repos/okfn/ckan,13,800
25375,https://api.github.com/repos/twitter/recess,229,46
25413,https://api.github.com/repos/nodejitsu/forever,14,88
25417,https://api.github.com/repos/heroku/heroku-buildpack-grails,14,20
25467,https://api.github.com/repos/CloudifySource/cloudify,14,61
25566,https://api.github.com/repos/telefonicaid/gaia,18,44
25599,https://api.github.com/repos/wajam/spnl,22,56
25725,https://api.github.com/repos/erlang/otp,11,94
25986,https://api.github.com/repos/nodejitsu/require-analyzer,16,28
26073,https://api.github.com/repos/mashery/iodocs,15,55
26359,https://api.github.com/repos/facebook/libphutil,117,22
26423,https://api.github.com/repos/CONNECT-Solution/CONNECT,25,596
26591,https://api.github.com/repos/hibernate/hibernate-orm,16,611
26661,https://api.github.com/repos/CakeDC/migrations,15,79
26667,https://api.github.com/repos/facebook/php-sdk,40,66
26676,https://api.github.com/repos/LearnBoost/knox,10,80
26905,https://api.github.com/repos/racker/gutsy,116,147
26935,https://api.github.com/repos/iLanguage/iField,18,77
26946,https://api.github.com/repos/RiotGames/artifact-cookbook,13,65
27020,https://api.github.com/repos/moses-smt/mosesdecoder,47,41
27104,https://api.github.com/repos/SpringSource/spring-data-jpa,75,34
27133,https://api.github.com/repos/unknown-horizons/unknown-horizons,20,48
27284,https://api.github.com/repos/Warzone2100/warzone2100,13,36
27357,https://api.github.com/repos/RiotGames/berkshelf,15,528
27471,https://api.github.com/repos/GoogleChrome/chrome-app-samples,16,107
27564,https://api.github.com/repos/darktable-org/darktable,20,318
27578,https://api.github.com/repos/cloudbuilders/devstack,21,181
27693,https://api.github.com/repos/thoughtbot/bourbon,72,130
27716,https://api.github.com/repos/exoplatform/jcr,10,142
27772,https://api.github.com/repos/arquillian/arquillian.github.com,18,152
27775,https://api.github.com/repos/mozilla/servo,15,440
27859,https://api.github.com/repos/thoughtbot/capybara-webkit,72,204
27870,https://api.github.com/repos/Livefyre/Livefyre-Wordpress-Comments,35,48
27903,https://api.github.com/repos/kaltura/mwEmbed,10,190
28021,https://api.github.com/repos/exoplatform/wiki,10,52
28030,https://api.github.com/repos/exoplatform/forum,11,38
28047,https://api.github.com/repos/gameclosure/js.io,41,34
28126,https://api.github.com/repos/collectionspace/ui,10,224
28153,https://api.github.com/repos/netzpirat/codo,15,36
28171,https://api.github.com/repos/soundcloud/visor,90,67
28175,https://api.github.com/repos/enthought/chaco,66,94
28234,https://api.github.com/repos/appendto/amplify,15,23
28270,https://api.github.com/repos/ooici/epu,37,20
28410,https://api.github.com/repos/yahoo/mojito-shaker,11,25
28467,https://api.github.com/repos/disqus/gargoyle,11,44
28485,https://api.github.com/repos/msysgit/msysgit,11,44
28546,https://api.github.com/repos/facebook/arcanist,137,57
28952,https://api.github.com/repos/SpringSource/spring-hateoas,75,29
28972,https://api.github.com/repos/SpringSource/spring-batch,77,227
29078,https://api.github.com/repos/sonata-project/SonataUserBundle,11,157
29322,https://api.github.com/repos/mapbox/carto,19,43
29508,https://api.github.com/repos/wikimedia/WikipediaMobile,16,296
29548,https://api.github.com/repos/jasperla/openbsd-wip,14,23
29613,https://api.github.com/repos/ff0000/rosy,25,74
29938,https://api.github.com/repos/basho/erlang_protobuffs,14,39
30178,https://api.github.com/repos/zendesk/zendesk_api_client_rb,100,40
30320,https://api.github.com/repos/Byzantium/Byzantium,10,25
30402,https://api.github.com/repos/archlinuxarm/PKGBUILDs,12,215
30491,https://api.github.com/repos/spree/spree_gateway,13,62
30753,https://api.github.com/repos/triAGENS/ArangoDB-PHP,10,83
30965,https://api.github.com/repos/hasgeek/hasjob,11,22
31402,https://api.github.com/repos/splitbrain/dokuwiki,11,373
31472,https://api.github.com/repos/jubatus/jubatus,14,126
31515,https://api.github.com/repos/zendframework/ZFTool,11,42
31779,https://api.github.com/repos/travis-ci/travis-build,42,106
31995,https://api.github.com/repos/nuxeo/nuxeo-social-collaboration,22,20
32076,https://api.github.com/repos/floodlight/oftest,34,69
32449,https://api.github.com/repos/qgis/QGIS-Documentation,18,146
32504,https://api.github.com/repos/nodejitsu/haibu,20,41
32671,https://api.github.com/repos/VanillaDev/Vanilla,12,536
32678,https://api.github.com/repos/parrot/parrot,48,275
33145,https://api.github.com/repos/thoughtbot/clearance,42,136
33164,https://api.github.com/repos/SpringSource/spring-data-mongodb,75,66
33584,https://api.github.com/repos/CPAN-API/metacpan-web,13,140
33666,https://api.github.com/repos/axsh/wakame-vdc,11,271
33858,https://api.github.com/repos/ceylon/ceylon.language,14,23
33958,https://api.github.com/repos/pyne/pyne,15,37
34067,https://api.github.com/repos/scj7t4/FREEDM,10,77
34192,https://api.github.com/repos/MG-RAST/matR,12,50
34268,https://api.github.com/repos/cucumber/cucumber-rails,29,94
34494,https://api.github.com/repos/isotope11/xrono,14,21
34618,https://api.github.com/repos/ajaxorg/node-github,25,44
34627,https://api.github.com/repos/aufdemrand/Denizen,11,99
34756,https://api.github.com/repos/powertac/server-main,10,22
35120,https://api.github.com/repos/rhomobile/rhodes,20,70
35294,https://api.github.com/repos/movabletype/movabletype,14,22
35311,https://api.github.com/repos/puppetlabs/puppetlabs_spec_helper,74,41
35649,https://api.github.com/repos/gatein/gatein-portal,14,670
35703,https://api.github.com/repos/groonga/groonga,19,106
35737,https://api.github.com/repos/ging/mailboxer,10,60
35770,https://api.github.com/repos/rubygems/rubygems.org,20,207
35804,https://api.github.com/repos/puppetlabs/puppet-dashboard,62,250
35846,https://api.github.com/repos/JetBrains/kotlin,14,309
36005,https://api.github.com/repos/airbrake/airbrake,14,101
36146,https://api.github.com/repos/TheMuppets/proprietary_vendor_broadcom,13,22
36329,https://api.github.com/repos/InMobi/data-bus,13,25
36410,https://api.github.com/repos/netzpirat/haml_coffee_assets,18,30
36947,https://api.github.com/repos/enyojs/layout,28,134
37361,https://api.github.com/repos/nodejitsu/jitsu,16,115
37369,https://api.github.com/repos/bioperl/bioperl-live,28,61
37496,https://api.github.com/repos/droolsjbpm/jbpm-designer,39,25
37843,https://api.github.com/repos/DSpace/DSpace,22,325
38073,https://api.github.com/repos/ErshKUS/OpenStreetMap.ru,11,27
38610,https://api.github.com/repos/flatiron/director,20,83
38896,https://api.github.com/repos/dimagi/logistics,24,87
39075,https://api.github.com/repos/danmar/cppcheck,22,181
39330,https://api.github.com/repos/playframework/play,12,604
39601,https://api.github.com/repos/qooxdoo/qooxdoo,12,70
39725,https://api.github.com/repos/sourcefabric/Newscoop,10,399
40031,https://api.github.com/repos/enonic/wem-ce,12,388
40080,https://api.github.com/repos/concerto/concerto,11,111
40117,https://api.github.com/repos/paperlesspost/graphiti,47,33
40120,https://api.github.com/repos/Maescool/Catacomb-Snatch,10,600
40342,https://api.github.com/repos/KDAB/GammaRay,26,40
40644,https://api.github.com/repos/MediaPortal/MediaPortal-1,53,32
40710,https://api.github.com/repos/JaykeBird/BExplorer_Translations,17,39
40726,https://api.github.com/repos/rack/rack-contrib,14,47
40747,https://api.github.com/repos/ProjectSkyfire/SkyFireEMU,19,224
40759,https://api.github.com/repos/sinatra/sinatra.github.com,13,103
40833,https://api.github.com/repos/MagLev/maglev,13,118
40854,https://api.github.com/repos/enonic/cms-ce,12,617
40889,https://api.github.com/repos/claroline/Claroline,12,190
40909,https://api.github.com/repos/ezsystems/ezp-next,26,224
40929,https://api.github.com/repos/mailru/fest,16,56
41004,https://api.github.com/repos/thoughtbot/factory_girl_rails,74,40
41042,https://api.github.com/repos/EastPoint/Midori,13,24
41052,https://api.github.com/repos/firegento/firegento-germansetup,15,52
41127,https://api.github.com/repos/4teamwork/ftw.book,14,25
41161,https://api.github.com/repos/4teamwork/izug.ticketbox,14,21
41180,https://api.github.com/repos/4teamwork/ftw.blog,14,20
41399,https://api.github.com/repos/hasgeek/hacknight,11,77
41465,https://api.github.com/repos/alphagov/business-support-finder,50,39
41728,https://api.github.com/repos/praekelt/vumi,11,436
41897,https://api.github.com/repos/AKSW/OntoWiki,17,24
42018,https://api.github.com/repos/pivotal/jasmine-gem,19,111
42086,https://api.github.com/repos/opscode-cookbooks/apt,26,62
42087,https://api.github.com/repos/duckduckgo/zeroclickinfo-fathead,22,51
42335,https://api.github.com/repos/AIFDR/inasafe,17,21
42436,https://api.github.com/repos/dylan-lang/opendylan,11,343
42568,https://api.github.com/repos/4teamwork/ftw.upgrade,13,20
42742,https://api.github.com/repos/simpleweb/TeeZilla,10,22
42750,https://api.github.com/repos/alphagov/panopticon,91,91
42894,https://api.github.com/repos/mysociety/fixmystreet,24,73
42904,https://api.github.com/repos/forward/capify-ec2,63,29
42919,https://api.github.com/repos/doo/SQLite3-WinRT,16,57
42952,https://api.github.com/repos/alphagov/whitehall,95,940
43061,https://api.github.com/repos/supercollider/supercollider,11,102
43173,https://api.github.com/repos/cucumber/aruba,29,64
43727,https://api.github.com/repos/ipa320/cob_robots,18,120
43735,https://api.github.com/repos/intalio/tempo,23,108
43875,https://api.github.com/repos/xwiki/xwiki-platform,17,187
43926,https://api.github.com/repos/esl/ejabberd,39,74
44108,https://api.github.com/repos/alphagov/slimmer,82,48
44195,https://api.github.com/repos/feedhenry/fh-fhc,22,65
44257,https://api.github.com/repos/111minutes/DXDAL,14,30
44265,https://api.github.com/repos/seancribbs/webmachine-ruby,14,80
44411,https://api.github.com/repos/rackspace/php-cloudfiles,11,35
44581,https://api.github.com/repos/eurucamp/2012.eurucamp.org,15,28
44592,https://api.github.com/repos/coffeescript-cookbook/coffeescript-cookbook.github.com,29,82
44621,https://api.github.com/repos/basho/basho_bench,14,92
44854,https://api.github.com/repos/humanmade/Custom-Meta-Boxes,10,47
45313,https://api.github.com/repos/typekit/webfontloader,23,96
45837,https://api.github.com/repos/basho/erlang_js,14,35
46099,https://api.github.com/repos/codeforamerica/opencounter,71,26
46214,https://api.github.com/repos/111minutes/111-pod-specs,14,95
46273,https://api.github.com/repos/jenkinsci/ec2-plugin,307,64
46456,https://api.github.com/repos/tomahawk-player/tomahawk-resolvers,18,42
46668,https://api.github.com/repos/CPAN-API/cpan-api,13,83
46809,https://api.github.com/repos/ezsystems/ezpublish5,20,33
46891,https://api.github.com/repos/basho/riak_kv,14,582
47314,https://api.github.com/repos/guardian/pasteup,11,21
47502,https://api.github.com/repos/entagen/jenkins-build-per-branch,11,29
47595,https://api.github.com/repos/okfn/datawrangling,10,32
47702,https://api.github.com/repos/JetBrains/intellij-scala,17,29
48531,https://api.github.com/repos/ezsystems/ezoe,17,39
48536,https://api.github.com/repos/racker/dreadnot,136,41
48706,https://api.github.com/repos/learning-unlimited/ESP-Website,24,234
48764,https://api.github.com/repos/cucumber/cucumber-jvm,16,226
48805,https://api.github.com/repos/urbanairship/datacube,53,35
48889,https://api.github.com/repos/UnionOfRAD/lithium,11,641
48988,https://api.github.com/repos/mwana/mwana,12,31
49127,https://api.github.com/repos/tdiary/tdiary-core,12,133
49432,https://api.github.com/repos/mono/monomac,72,118
49575,https://api.github.com/repos/symfony-cmf/RoutingExtraBundle,32,60
49649,https://api.github.com/repos/hasgeek/lastuser,10,21
50308,https://api.github.com/repos/SpringSource/spring-data-neo4j,86,85
50320,https://api.github.com/repos/jquery/api.jquerymobile.com,31,59
50619,https://api.github.com/repos/stepcode/stepcode,10,170
50730,https://api.github.com/repos/openwebwork/pg-dev,13,39
50857,https://api.github.com/repos/travis-ci/travis-assets,39,25
50901,https://api.github.com/repos/Pylons/substanced,14,59
51151,https://api.github.com/repos/FamilySearch/gedcomx,10,58
51343,https://api.github.com/repos/sonata-project/SonataMediaBundle,11,233
51484,https://api.github.com/repos/mwaylabs/The-M-Project,11,45
51631,https://api.github.com/repos/onyx-intl/booxsdk,13,24
52172,https://api.github.com/repos/droolsjbpm/droolsjbpm-build-bootstrap,37,41
52733,https://api.github.com/repos/rejectedsoftware/vibe.d,11,153
53161,https://api.github.com/repos/mozilla/FlightDeck-selenium,25,91
53249,https://api.github.com/repos/extreme-fusion/eXtreme-Fusion-CMS,11,170
53260,https://api.github.com/repos/telefonicaid/notification_server,18,171
53624,https://api.github.com/repos/openwebwork/webwork2-dev,13,95
54487,https://api.github.com/repos/EOL/eol,10,97
54895,https://api.github.com/repos/droolsjbpm/drools-mas,37,27
55068,https://api.github.com/repos/materialsproject/pymatgen,28,28
55219,https://api.github.com/repos/JetBrains/intellij-community,14,96
55411,https://api.github.com/repos/libgit2/rugged,19,201
55557,https://api.github.com/repos/basho/webmachine,14,137
55816,https://api.github.com/repos/collective/collective.quickupload,256,22
56043,https://api.github.com/repos/4teamwork/ftw.tabbedview,14,21
56405,https://api.github.com/repos/KnpLabs/KnpGaufretteBundle,30,39
56648,https://api.github.com/repos/racker/node-cassandra-client,129,40
56941,https://api.github.com/repos/alphagov/signonotron2,90,89
56964,https://api.github.com/repos/openSUSE/obs-build,12,69
57003,https://api.github.com/repos/friendica/red,21,117
58337,https://api.github.com/repos/camptocamp/puppet-apache,15,92
58364,https://api.github.com/repos/openSUSE/software-o-o,28,20
58453,https://api.github.com/repos/chb/smart_server,10,24
58772,https://api.github.com/repos/plone/buildout.coredev,235,39
58827,https://api.github.com/repos/alphagov/gds-api-adapters,63,80
58874,https://api.github.com/repos/appfog/af,14,30
59045,https://api.github.com/repos/mopub/mopub-client,34,31
59074,https://api.github.com/repos/ReadyTalk/avian,12,52
59344,https://api.github.com/repos/travis-ci/travis-hub,39,21
59350,https://api.github.com/repos/travis-ci/travis-worker,41,48
59351,https://api.github.com/repos/travis-ci/travis-api,39,27
59387,https://api.github.com/repos/twitter/effectivescala,240,27
59490,https://api.github.com/repos/neo4j/spatial,28,37
59519,https://api.github.com/repos/alphagov/frontend,95,457
59551,https://api.github.com/repos/jedi4ever/devopsdays-webby,18,584
59715,https://api.github.com/repos/rightscale/rightimage,45,20
59756,https://api.github.com/repos/alphagov/router,54,23
59803,https://api.github.com/repos/plone/plone.app.portlets,234,31
59936,https://api.github.com/repos/Shopify/batman-rails,98,23
59989,https://api.github.com/repos/umbraco/Umbraco4Docs,12,93
60101,https://api.github.com/repos/Shopify/shopify_app,97,39
60225,https://api.github.com/repos/esl/ejabberd_tests,46,24
60686,https://api.github.com/repos/jboss-reddeer/reddeer,13,234
61798,https://api.github.com/repos/heroku/databasedotcom,13,63
61856,https://api.github.com/repos/Normation/rudder-techniques,11,216
62361,https://api.github.com/repos/cloudfoundry/vcap-services,14,30
62373,https://api.github.com/repos/ceylon/ceylon-compiler,16,125
63356,https://api.github.com/repos/rackspace/atom-hopper,19,232
63401,https://api.github.com/repos/datasift/datasift-java,21,37
64106,https://api.github.com/repos/cloudfoundry/vcap-java-client,13,69
64336,https://api.github.com/repos/hotsh/rstat.us,29,374
64830,https://api.github.com/repos/mapserver/mapserver,16,167
65187,https://api.github.com/repos/agiliq/merchant,12,48
65399,https://api.github.com/repos/aeolusproject/conductor,40,295
65747,https://api.github.com/repos/infochimps-labs/ironfan-pantry,10,31
65820,https://api.github.com/repos/imagecms/ImageCMS,15,67
66014,https://api.github.com/repos/BaseXdb/basex-api,12,79
66033,https://api.github.com/repos/Pylons/pyramid_cookbook,14,85
66190,https://api.github.com/repos/azavea/OpenTreeMap,21,124
66309,https://api.github.com/repos/garbagetown/playdocja,13,66
66362,https://api.github.com/repos/AnalyticalGraphicsInc/czml-writer,11,44
66531,https://api.github.com/repos/dimagi/WBNigeria,11,33
66708,https://api.github.com/repos/puppetlabs/puppetlabs-training-bootstrap,59,137
67112,https://api.github.com/repos/mozilla/playdoh-lib,84,47
67190,https://api.github.com/repos/railsbridge/docs,13,207
67281,https://api.github.com/repos/perl6/roast,114,30
67337,https://api.github.com/repos/Obvious/asyncBuilder,20,35
67424,https://api.github.com/repos/wordnik/swagger-codegen,24,44
67524,https://api.github.com/repos/splunk/splunk-sdk-python,55,34
67580,https://api.github.com/repos/Kunstmaan/KunstmaanAdminNodeBundle,16,88
67640,https://api.github.com/repos/rightscale/right_support,87,95
67883,https://api.github.com/repos/ContinuumIO/blaze,26,21
68304,https://api.github.com/repos/alphagov/static,78,316
68437,https://api.github.com/repos/egeniq/egeniq-ios,14,58
68504,https://api.github.com/repos/Unact/Renew,21,22
68610,https://api.github.com/repos/belaban/JGroups,11,106
68637,https://api.github.com/repos/Kunstmaan/KunstmaanSandbox,16,66
68661,https://api.github.com/repos/powertac/household-customer,10,58
69018,https://api.github.com/repos/rcbops/jenkins-build,11,34
69035,https://api.github.com/repos/CakeDC/users,17,80
69234,https://api.github.com/repos/pantheon-systems/drops-7,13,32
69268,https://api.github.com/repos/yast/yast-core,27,49
69314,https://api.github.com/repos/plone/plone.app.layout,235,26
69579,https://api.github.com/repos/liip/LiipThemeBundle,47,45
69792,https://api.github.com/repos/rhomobile/rhomobile-docs,33,50
70178,https://api.github.com/repos/mono/maccore,55,56
70217,https://api.github.com/repos/projecthydra/active_fedora,16,192
70387,https://api.github.com/repos/hasgeek/hasgeek.tv,11,63
70436,https://api.github.com/repos/solgenomics/sgn,18,28
70480,https://api.github.com/repos/Jasig/uPortal,20,168
70634,https://api.github.com/repos/pentaho/mondrian,17,146
70796,https://api.github.com/repos/FreeRDP/xrdp,15,50
71008,https://api.github.com/repos/stackmob/StackMob_iOS,24,36
71334,https://api.github.com/repos/ceph/teuthology,32,130
71374,https://api.github.com/repos/pentaho/data-access,17,271
71844,https://api.github.com/repos/lefnire/habitrpg,18,227
71939,https://api.github.com/repos/jenkinsci/cvs-plugin,313,25
72063,https://api.github.com/repos/splunk/splunk-sdk-java,58,45
72328,https://api.github.com/repos/dimagi/couchexport,12,56
72768,https://api.github.com/repos/JumpstartLab/curriculum,21,481
73114,https://api.github.com/repos/CloudifySource/cloudifysource.github.com,12,28
74063,https://api.github.com/repos/opscode/omnibus-ruby,46,74
74349,https://api.github.com/repos/ella/ella,11,47
75312,https://api.github.com/repos/mozilla/BrowserID-Tests,23,40
75619,https://api.github.com/repos/fiji/fiji,11,34
75623,https://api.github.com/repos/mozilla/browserid-bigtent,23,45
75812,https://api.github.com/repos/opscode/omnibus-software,46,78
75832,https://api.github.com/repos/ooici/ion-ux,41,29
76547,https://api.github.com/repos/rightscale/right_api_client,64,23
78825,https://api.github.com/repos/cloudmine/cloudmine-ios,10,31
78962,https://api.github.com/repos/codeforamerica/honolulu_answers,75,33
78998,https://api.github.com/repos/iron-io/iron_worker_examples,15,64
79112,https://api.github.com/repos/moovweb/gokogiri,19,20
79414,https://api.github.com/repos/jquery/api.jqueryui.com,14,50
79429,https://api.github.com/repos/exoplatform/docs-style,10,67
81325,https://api.github.com/repos/plone/plone.app.discussion,231,31
81433,https://api.github.com/repos/mozilla/source-map,10,47
81765,https://api.github.com/repos/Normation/rudder-packages,11,152
82195,https://api.github.com/repos/mozilla/Addon-Tests,23,643
82501,https://api.github.com/repos/exoplatform/ks,19,232
83569,https://api.github.com/repos/liip/LiipFunctionalTestBundle,35,69
84529,https://api.github.com/repos/schwern/test-more,14,68
84759,https://api.github.com/repos/ceylon/ceylon-sdk,13,36
84891,https://api.github.com/repos/flowdock/oulu,11,35
84985,https://api.github.com/repos/exoplatform/integration,10,61
85101,https://api.github.com/repos/Normation/ldap-inventory,11,23
85313,https://api.github.com/repos/twitter/gizzard,240,71
85699,https://api.github.com/repos/Kunstmaan/KunstmaanPagePartBundle,18,91
85740,https://api.github.com/repos/path64/compiler,20,26
86023,https://api.github.com/repos/i-MSCP/imscp,11,48
86091,https://api.github.com/repos/moovweb/uranium,39,57
86583,https://api.github.com/repos/rtCamp/buddypress-media,19,115
89632,https://api.github.com/repos/gentoo-science/sci,28,91
89745,https://api.github.com/repos/yui/yuicompressor,14,55
89852,https://api.github.com/repos/dimagi/Vellum,16,124
89934,https://api.github.com/repos/wordnik/swagger.js,30,23
90125,https://api.github.com/repos/fourkitchens/trainingwheels,16,23
90432,https://api.github.com/repos/ceph/ceph-cookbooks,30,59
90680,https://api.github.com/repos/thoughtbot/bourne,66,22
91870,https://api.github.com/repos/antelopeusersgroup/antelope_contrib,13,42
92535,https://api.github.com/repos/molgenis/molgenis,24,669
93646,https://api.github.com/repos/ukoethe/vigra,15,56
94211,https://api.github.com/repos/hibernate/hibernate-tools,16,38
94267,https://api.github.com/repos/SpringSource/spring-net,79,40
94297,https://api.github.com/repos/opscode-cookbooks/yum,26,56
94375,https://api.github.com/repos/sonatype/nexus-maven-plugins,30,41
95064,https://api.github.com/repos/symfony-cmf/SimpleCmsBundle,27,55
95329,https://api.github.com/repos/plasmodic/ecto,10,45
96553,https://api.github.com/repos/balderdashy/sails,11,252
96622,https://api.github.com/repos/causes/mock_redis,39,52
97263,https://api.github.com/repos/4teamwork/izug.basetheme,14,65
97291,https://api.github.com/repos/urug/urug.github.com,30,25
101418,https://api.github.com/repos/praekelt/praekelt-central,11,30
103508,https://api.github.com/repos/HUSACCT/HUSACCT,10,183
103713,https://api.github.com/repos/sonian/elasticsearch-jetty,27,29
103802,https://api.github.com/repos/vimpr/vimperator-plugins,24,35
104697,https://api.github.com/repos/xwiki/xwiki-enterprise,17,48
106334,https://api.github.com/repos/codeforamerica/cfawp2012,61,48
106618,https://api.github.com/repos/neo4j/manual,23,33
107166,https://api.github.com/repos/umbraco/Umbraco-4-Localization,12,63
107363,https://api.github.com/repos/ColdBox/coldbox-platform,10,142
107933,https://api.github.com/repos/msgpack/msgpack,21,56
107969,https://api.github.com/repos/jenkinsci/jclouds-plugin,313,48
109175,https://api.github.com/repos/enyojs/sampler,33,44
110607,https://api.github.com/repos/plone/plone.api,230,55
111425,https://api.github.com/repos/r888888888/danbooru,18,30
112319,https://api.github.com/repos/JFrogDev/build-info,12,28
112654,https://api.github.com/repos/ibr-alg/wiselib,13,34
112751,https://api.github.com/repos/rails/sprockets-rails,32,51
112914,https://api.github.com/repos/CakeDC/search,17,67
116058,https://api.github.com/repos/thoughtbot/flutie,41,21
116115,https://api.github.com/repos/plone/plone.app.multilingual,235,35
117362,https://api.github.com/repos/Pylons/waitress,14,28
118022,https://api.github.com/repos/basho/riak_search,14,134
118089,https://api.github.com/repos/DCPUTeam/DCPUToolchain,11,48
118301,https://api.github.com/repos/railsgirls/railsgirls.github.com,65,94
118430,https://api.github.com/repos/opscode-cookbooks/passenger_apache2,26,23
118667,https://api.github.com/repos/neo4j/packaging,25,45
119078,https://api.github.com/repos/collectiveidea/tinder,12,29
119533,https://api.github.com/repos/ipython/nbconvert,16,115
119718,https://api.github.com/repos/whiteoctober/WhiteOctoberPagerfantaBundle,13,44
120088,https://api.github.com/repos/blackberry-webworks/webplatform-framework,18,20
120232,https://api.github.com/repos/droolsjbpm/droolsjbpm-integration,37,68
120322,https://api.github.com/repos/twitter/algebird,233,145
121036,https://api.github.com/repos/UnionOfRAD/li3_quality,12,44
122504,https://api.github.com/repos/vokalinteractive/CoreDataManager-iOS,11,25
122606,https://api.github.com/repos/zkoss/zk,17,45
122980,https://api.github.com/repos/opscode-cookbooks/application,26,30
123435,https://api.github.com/repos/saltstack/salt-states,10,27
123437,https://api.github.com/repos/saltstack/salt-contrib,18,51
123745,https://api.github.com/repos/jenkinsci/promoted-builds-plugin,317,31
124365,https://api.github.com/repos/99designs/agent99,21,33
124505,https://api.github.com/repos/plone/Products.TinyMCE,234,63
124965,https://api.github.com/repos/onyx-intl/boox-opensource,17,23
125032,https://api.github.com/repos/plone/Products.Archetypes,234,31
125694,https://api.github.com/repos/hubiquitus/hubiquitus4j,13,48
126445,https://api.github.com/repos/scala/scala.github.com,16,224
126662,https://api.github.com/repos/symfony-cmf/ContentBundle,32,67
126854,https://api.github.com/repos/digital-science/baton,29,23
126864,https://api.github.com/repos/ipa320/srs_public,19,121
126912,https://api.github.com/repos/Connexions/oer.exports,19,126
127007,https://api.github.com/repos/camptocamp/puppet-apt,15,40
127514,https://api.github.com/repos/sonatype/nexus-capabilities-plugin,28,24
128065,https://api.github.com/repos/b3c/MAF2,19,23
128077,https://api.github.com/repos/neo4j/java-rest-binding,22,21
128124,https://api.github.com/repos/Kunstmaan/KunstmaanAdminListBundle,17,80
128150,https://api.github.com/repos/Kunstmaan/KunstmaanMediaPagePartBundle,18,23
128165,https://api.github.com/repos/Kunstmaan/KunstmaanViewBundle,17,60
128321,https://api.github.com/repos/rackspace/python-cloudfiles,19,40
128476,https://api.github.com/repos/alphagov/imminence,93,64
128749,https://api.github.com/repos/mozilla/mozmill-ci,17,165
128955,https://api.github.com/repos/ajaxorg/jsDAV,29,34
129084,https://api.github.com/repos/PrimeRevenue/tent,21,349
129095,https://api.github.com/repos/opscode-cookbooks/openldap,26,24
129601,https://api.github.com/repos/snoplus/snogoggles,83,26
129845,https://api.github.com/repos/yast/yast-packager,27,24
130401,https://api.github.com/repos/exoplatform/calendar,14,37
130949,https://api.github.com/repos/siq/gloss,25,37
131027,https://api.github.com/repos/collective/collective.polls,322,24
131198,https://api.github.com/repos/griddynamics/OpenGenesis,65,933
131672,https://api.github.com/repos/sonata-project/SonataFormatterBundle,10,23
132014,https://api.github.com/repos/12spokes/tandem,11,68
132516,https://api.github.com/repos/playhaven/sdk-ios,36,30
132539,https://api.github.com/repos/basho/riak_pipe,14,71
134138,https://api.github.com/repos/ucb-bar/chisel,40,51
135463,https://api.github.com/repos/fluid-project/videoPlayer,10,132
136113,https://api.github.com/repos/oreillymedia/docbook2asciidoc,10,26
137459,https://api.github.com/repos/akka/akka.github.com,10,28
137469,https://api.github.com/repos/FallenMoonNetwork/CanaryRecode,19,27
137506,https://api.github.com/repos/quattor/quattor.github.com,10,48
137510,https://api.github.com/repos/opscode-cookbooks/database,26,48
137758,https://api.github.com/repos/FallenMoonNetwork/CanaryLib,19,23
137837,https://api.github.com/repos/Normation/cf-clerk,11,25
138398,https://api.github.com/repos/walmartlabs/lumbar,60,28
138812,https://api.github.com/repos/basho/riaknostic,19,28
139558,https://api.github.com/repos/jenkinsci/github-plugin,313,31
141140,https://api.github.com/repos/mindsnacks/Zinc,19,22
141316,https://api.github.com/repos/rackspace/wadl-tools,13,48
141358,https://api.github.com/repos/4teamwork/ftw.table,14,21
141814,https://api.github.com/repos/doctrine/couchdb-odm,13,52
141927,https://api.github.com/repos/rubyspec/rubyspec,38,203
142225,https://api.github.com/repos/xebialabs/community-plugins,13,34
142251,https://api.github.com/repos/sensu/sensu-chef,10,164
142564,https://api.github.com/repos/jenkinsci/perforce-plugin,317,31
142832,https://api.github.com/repos/SpringSource/spring-data-commons,87,40
142896,https://api.github.com/repos/TheMuppets/proprietary_vendor_widevine,12,21
143790,https://api.github.com/repos/mozfr/transvision,10,30
143818,https://api.github.com/repos/mozilla-services/metlog-py,11,26
144083,https://api.github.com/repos/yahoo/Openstack-Anvil,14,357
144357,https://api.github.com/repos/aeolusproject/aeolus-configure,40,21
144429,https://api.github.com/repos/OpenMRS/openmrs-module-reporting,33,50
144618,https://api.github.com/repos/puppetlabs/puppetlabs-nodejs,74,42
144619,https://api.github.com/repos/mozilla/123done,31,32
144739,https://api.github.com/repos/GiveCampUK/GiveCRM,13,72
145268,https://api.github.com/repos/phpcr/phpcr-api-tests,17,82
145822,https://api.github.com/repos/mysociety/mapit,22,20
145885,https://api.github.com/repos/urbanairship/phonegap-ua-push,64,23
147172,https://api.github.com/repos/recurly/recurly-client-ruby,10,57
147928,https://api.github.com/repos/edgecase/vim-config,35,21
148620,https://api.github.com/repos/shoes/shoesrb.com,16,26
149248,https://api.github.com/repos/kohana/minion,12,45
149346,https://api.github.com/repos/Netflix/netflix.github.com,44,62
152025,https://api.github.com/repos/geosolutions-it/geoserver-manager,11,40
152649,https://api.github.com/repos/Ilastik/volumina,21,20
152908,https://api.github.com/repos/zikula/core,15,625
152921,https://api.github.com/repos/plone/plone.app.dexterity,234,34
153912,https://api.github.com/repos/soundcloud/large-hadron-migrator,92,24
154208,https://api.github.com/repos/alphagov/licence-finder,90,42
154849,https://api.github.com/repos/wet-boew/wet-boew-ssi,36,20
155381,https://api.github.com/repos/zynga/jasy,10,60
155512,https://api.github.com/repos/thoughtbot/kumade,48,56
155530,https://api.github.com/repos/feedhenry/Wufoo-Template,21,34
155583,https://api.github.com/repos/hybridgroup/kidsruby,26,64
156467,https://api.github.com/repos/rightscale/right_agent,75,89
156657,https://api.github.com/repos/mozilla/moz-grid-config,29,108
156699,https://api.github.com/repos/JFXtras/jfxtras-labs,16,36
156798,https://api.github.com/repos/DGtal-team/DGtal,12,401
157391,https://api.github.com/repos/OPM/dune-cornerpoint,19,50
157490,https://api.github.com/repos/linkedin/dustjs-helpers,13,24
157854,https://api.github.com/repos/OPM/opm-core,20,344
158058,https://api.github.com/repos/jboss-switchyard/parent,10,180
158071,https://api.github.com/repos/jboss-switchyard/release,10,303
158212,https://api.github.com/repos/engineyard/engineyard-serverside,11,47
158791,https://api.github.com/repos/dimagi/couchforms,16,71
159178,https://api.github.com/repos/Jasig/sass-maven-plugin,17,28
159350,https://api.github.com/repos/forcedotcom/dataloader,19,29
159916,https://api.github.com/repos/puppetlabs/puppetlabs-corosync,75,45
160896,https://api.github.com/repos/collective/icalendar,320,43
161036,https://api.github.com/repos/thoughtbot/neat,50,44
161254,https://api.github.com/repos/collective/collective.cover,323,108
161409,https://api.github.com/repos/modilabs/bamboo,15,207
161622,https://api.github.com/repos/whiteoctober/Pagerfanta,12,74
162539,https://api.github.com/repos/rosedu/wouso,10,120
162851,https://api.github.com/repos/Islandora/islandora_content_model_forms,21,65
162964,https://api.github.com/repos/aichallenge/aichallenge,14,133
164170,https://api.github.com/repos/socialcast/socialcast-command-line,29,21
164194,https://api.github.com/repos/heroku/heroku.jar,13,20
164325,https://api.github.com/repos/aol/trigger,15,25
164886,https://api.github.com/repos/perl6/ecosystem,118,26
165215,https://api.github.com/repos/mobify/mobify-client,33,37
167487,https://api.github.com/repos/zikula-modules/Scribite,22,29
167666,https://api.github.com/repos/opscode-cookbooks/openssh,26,28
168204,https://api.github.com/repos/excilys/gatling-highcharts,11,29
168215,https://api.github.com/repos/plone/plone.app.contenttypes,236,28
168728,https://api.github.com/repos/mozilla/wiki-tests,30,41
168761,https://api.github.com/repos/pusher/pusher-gem,10,21
169021,https://api.github.com/repos/elabs/serenade.js,13,33
169050,https://api.github.com/repos/webos-internals/build,10,34
169122,https://api.github.com/repos/puppetlabs/puppetlabs-f5,73,97
169186,https://api.github.com/repos/rodreegez/powder,10,63
169222,https://api.github.com/repos/pentaho/modeler,32,43
169268,https://api.github.com/repos/rackspace/atlas-lb,19,37
169344,https://api.github.com/repos/ethersex/ethersex,12,247
169410,https://api.github.com/repos/mozilla/input-tests,34,141
169625,https://api.github.com/repos/theVolary/feather,15,244
169847,https://api.github.com/repos/rubygems/guides,29,54
169851,https://api.github.com/repos/GroupCommerce/sdk.php,42,57
169932,https://api.github.com/repos/racker/rackspace-monitoring-cli,130,26
170264,https://api.github.com/repos/mozilla/configman,11,68
170270,https://api.github.com/repos/mozilla/firefox-flicks,10,265
170419,https://api.github.com/repos/jenkinsci/parameterized-trigger-plugin,307,45
170425,https://api.github.com/repos/enthought/encore,55,54
170465,https://api.github.com/repos/kossnocorp/pushbio,17,29
171430,https://api.github.com/repos/ruby-gnome2/ruby-gnome2,15,151
172768,https://api.github.com/repos/protalk/protalk,14,97
172797,https://api.github.com/repos/sneakyness/AppApp,10,55
172825,https://api.github.com/repos/alphagov/trade-tariff-backend,63,109
174379,https://api.github.com/repos/HouseTrip/integrity,28,71
176448,https://api.github.com/repos/jquery/api.jquery.com,11,76
177333,https://api.github.com/repos/rails/journey,20,37
177370,https://api.github.com/repos/foursquare/slashem,32,44
184142,https://api.github.com/repos/jenkinsci/mercurial-plugin,298,45
184440,https://api.github.com/repos/sbt/sbt.github.com,15,24
185366,https://api.github.com/repos/alphagov/smokey,101,50
188939,https://api.github.com/repos/Slowpoke101/FTBLaunch,11,149
190783,https://api.github.com/repos/alphagov/trade-tariff-frontend,82,86
191064,https://api.github.com/repos/plataformatec/show_for,18,33
191598,https://api.github.com/repos/symfony/MonologBundle,13,38
192264,https://api.github.com/repos/DIRACGrid/DIRACDocs,22,24
193808,https://api.github.com/repos/Enrise/Glitch_Lib,15,49
194056,https://api.github.com/repos/DIRACGrid/VMDIRAC,22,33
194359,https://api.github.com/repos/gem/nrml,13,72
195688,https://api.github.com/repos/Perl-Toolchain-Gang/ExtUtils-MakeMaker,13,25
196147,https://api.github.com/repos/projecthydra/hydra-head,17,75
202365,https://api.github.com/repos/thoughtbot/appraisal,65,35
202631,https://api.github.com/repos/tpaviot/oce,13,288
204403,https://api.github.com/repos/mysociety/whatdotheyknow-theme,22,24
206096,https://api.github.com/repos/recurly/recurly-client-python,16,25
208914,https://api.github.com/repos/Connexions/rhaptos2.repo,19,66
209882,https://api.github.com/repos/Imaginea/pancake-ios,56,71
210512,https://api.github.com/repos/cookpad/chanko,61,31
212516,https://api.github.com/repos/symfony/SwiftmailerBundle,13,27
213686,https://api.github.com/repos/zilkey/active_hash,19,26
213856,https://api.github.com/repos/iFixit/git-scripts,20,71
220827,https://api.github.com/repos/bem/apw,21,23
221595,https://api.github.com/repos/jggug/grails-doc-src-ja,15,112
223846,https://api.github.com/repos/enthought/pyface,68,74
224190,https://api.github.com/repos/enthought/enable,65,56
226894,https://api.github.com/repos/w7cook/OpenBook,25,221
228226,https://api.github.com/repos/ezsystems/ezflow,17,56
229227,https://api.github.com/repos/Cumula/cumula-core,10,22
230938,https://api.github.com/repos/jenkinsci/analysis-core-plugin,301,20
231370,https://api.github.com/repos/mozilla/moztrap-tests,25,113
232051,https://api.github.com/repos/mozilla/webdev-bootcamp,21,25
232705,https://api.github.com/repos/opscode/knife-windows,60,50
235470,https://api.github.com/repos/apigee/usergrid-javascript-sdk,36,23
236667,https://api.github.com/repos/artsy/artsy.github.com,45,22
237770,https://api.github.com/repos/plexinc/roku-client-public,16,20
238449,https://api.github.com/repos/gem/oq-eqcatalogue-tool,13,42
241678,https://api.github.com/repos/id774/automaticruby,12,22
243325,https://api.github.com/repos/shogun-toolbox/shogun-data,10,22
245215,https://api.github.com/repos/fluidinfo/infomaniac,10,23
246286,https://api.github.com/repos/fact-real/curry-bu,28,63
246637,https://api.github.com/repos/mozilla/socorro-crashstats,12,405
253596,https://api.github.com/repos/droolsjbpm/droolsjbpm-tools,37,26
255483,https://api.github.com/repos/Obvious/pipette,20,31
257425,https://api.github.com/repos/inviqa/chef-magento,57,36
261125,https://api.github.com/repos/CocoaPods/Xcodeproj,31,47
265120,https://api.github.com/repos/uzulla/yancha,10,73
266361,https://api.github.com/repos/pistruiatul/hartapoliticii,16,21
266617,https://api.github.com/repos/sonatype/nexus-p2-repository-plugin,31,28
270016,https://api.github.com/repos/leonardofl/radar_parlamentar,16,21
271384,https://api.github.com/repos/LISPmob/lispmob,11,22
274836,https://api.github.com/repos/jenkinsci/email-ext-plugin,311,72
275789,https://api.github.com/repos/plone/planet.plone.org,150,31
277554,https://api.github.com/repos/isis-project/BrowserServer,24,28
280930,https://api.github.com/repos/davehorsfall/hwdmediashare-language-files,22,53
282009,https://api.github.com/repos/plainblack/Lacuna-Web-Client,11,50
292891,https://api.github.com/repos/alphagov/design-principles,97,64
295815,https://api.github.com/repos/dimagi/casexml,15,120
303541,https://api.github.com/repos/symfony-cmf/symfony-cmf-website,32,25
306638,https://api.github.com/repos/dimagi/dimagi-utils,15,149
307422,https://api.github.com/repos/droolsjbpm/jbpm-console-ng,36,51
307441,https://api.github.com/repos/plainblack/webgui,18,29
307879,https://api.github.com/repos/rvagg/node-levelup,12,72
308105,https://api.github.com/repos/Jasig/email-preview,17,51
309505,https://api.github.com/repos/symfony-cmf/symfony-cmf-docs,32,228
309596,https://api.github.com/repos/zikula-modules/Content,20,34
310505,https://api.github.com/repos/collective/collective.nitf,256,32
314936,https://api.github.com/repos/FlowForwarding/LINC-Switch,22,66
316961,https://api.github.com/repos/rcbops/exerstack,11,20
323400,https://api.github.com/repos/mojotech/dr_mojo,18,37
331002,https://api.github.com/repos/janfaessler/FHNW-Informatik-Zusammenfassungen,12,23
332118,https://api.github.com/repos/Pivosgroup/buildroot-linux,11,26
333400,https://api.github.com/repos/jclouds/jclouds-examples,19,34
334580,https://api.github.com/repos/bendyworks/ALICE,13,25
340318,https://api.github.com/repos/appcelerator-modules/ti.cloud,11,48
341186,https://api.github.com/repos/GreenGroup/RMG-Java,10,23
351460,https://api.github.com/repos/gem/openquake-packages,13,46
352633,https://api.github.com/repos/rapid7/metasploit_data_models,32,39
352799,https://api.github.com/repos/alphagov/calendars,90,39
353083,https://api.github.com/repos/fenix-framework/fenix-framework,13,68
353085,https://api.github.com/repos/CamfedCode/Camfed,11,24
353442,https://api.github.com/repos/opscode/chef_objects,47,56
369666,https://api.github.com/repos/yast/yast-dns-server,27,23
377172,https://api.github.com/repos/rosedu/site,26,21
381275,https://api.github.com/repos/dimagi/hsph-reports,11,35
381922,https://api.github.com/repos/stackmob/stackmob-js-sdk,22,91
398200,https://api.github.com/repos/Kunstmaan/KunstmaanGeneratorBundle,15,108
400044,https://api.github.com/repos/Freeseer/freeseer-docs,16,24
418207,https://api.github.com/repos/jenkinsci/dashboard-view-plugin,298,20
435951,https://api.github.com/repos/Catrobat/musicdroid,74,34
446045,https://api.github.com/repos/OPM/opm-upscaling,19,77
446056,https://api.github.com/repos/OPM/opm-porsol,19,60
456559,https://api.github.com/repos/guardian/pa-football-client,17,20
456655,https://api.github.com/repos/intalio/security,23,38
458433,https://api.github.com/repos/yast/yast-bootloader,27,24
462200,https://api.github.com/repos/scality/Droplet,10,40
489159,https://api.github.com/repos/Sage-Bionetworks/synapsePythonClient,21,116
496425,https://api.github.com/repos/rightscale/right_scraper,77,22
496847,https://api.github.com/repos/enyojs/extra,41,30
497205,https://api.github.com/repos/ctn-waterloo/nengo,16,79
503362,https://api.github.com/repos/InMobi/scribe,10,21
505818,https://api.github.com/repos/githubtrainer/hellogitworld,255,35
508238,https://api.github.com/repos/mapserver/msautotest,15,24
520794,https://api.github.com/repos/CiscoSystems/puppet-openstack,28,30
531080,https://api.github.com/repos/twers/re-education,15,50
597690,https://api.github.com/repos/zombiepaladin/scrolling-shooter,11,54
603599,https://api.github.com/repos/hubiquitus/hubiquitus-node,13,30
612320,https://api.github.com/repos/TechSmith/hyde,63,48
617081,https://api.github.com/repos/NUBIC/ncs_navigator_field,10,26
619384,https://api.github.com/repos/disqus/samsa,14,30
643805,https://api.github.com/repos/alphagov/feedback,51,76
647696,https://api.github.com/repos/awesomefoundation/awesomebits,24,37
674069,https://api.github.com/repos/collective/plone.app.locales,261,25
681665,https://api.github.com/repos/buddycloud/webclient,16,108
698828,https://api.github.com/repos/C2FO/comb,10,42
701472,https://api.github.com/repos/taobao/tengine-website,15,36
706524,https://api.github.com/repos/TMXCredit/pg_power,14,27
714329,https://api.github.com/repos/baixing/haojing,20,37
725352,https://api.github.com/repos/twitter/bower,233,107
755096,https://api.github.com/repos/balderdashy/mast,16,21
765715,https://api.github.com/repos/ariatemplates/attester,16,34
775313,https://api.github.com/repos/SirSengir/BuildCraft-Localization,14,37
776440,https://api.github.com/repos/SirSengir/Forestry-Localization,12,55
777221,https://api.github.com/repos/alphagov/support,24,97
784423,https://api.github.com/repos/plone/plone.act,173,32
795753,https://api.github.com/repos/reload/Reloaded,11,40
795823,https://api.github.com/repos/jp9000/OBS,10,172
823957,https://api.github.com/repos/att-cloud/cookbook-jenkins-jobs,27,42
824404,https://api.github.com/repos/guardian/frontend-admin,14,112
824970,https://api.github.com/repos/SimTk/msmbuilder,12,74
825924,https://api.github.com/repos/unknown-horizons/unknown-horizons,30,219
832648,https://api.github.com/repos/OpenSourceFieldlinguistics/FieldDB,10,218
854591,https://api.github.com/repos/toolkitchen/polyfills,17,75
854704,https://api.github.com/repos/IronFoundry/Thor.NET,23,24
871649,https://api.github.com/repos/6fusion/adaptor-vmware,13,26
885154,https://api.github.com/repos/OPM/opm-benchmarks,18,25
885900,https://api.github.com/repos/campaign/ueditor,10,24
899594,https://api.github.com/repos/akimboio/sleepy,11,48
906810,https://api.github.com/repos/Kunstmaan/KunstmaanNodeBundle,16,91
914064,https://api.github.com/repos/DataDog/documentation,12,28
936704,https://api.github.com/repos/nemomobile/buteo-sync-plugins,11,20
948188,https://api.github.com/repos/thoughtbot/guides,36,97
954476,https://api.github.com/repos/Singly/singly-android,16,27
957541,https://api.github.com/repos/riptano/cassandra,27,45
963930,https://api.github.com/repos/nemomobile/dsme,13,29
981807,https://api.github.com/repos/githubtrainer/poetry,366,59
996270,https://api.github.com/repos/AllPlayers/USARugby-Stats,19,126
1028405,https://api.github.com/repos/openshift/origin-dev-tools,74,93
1042189,https://api.github.com/repos/mozilla/webpay,21,316
1345655,https://api.github.com/repos/austinbv/dino,11,36
1369701,https://api.github.com/repos/ContinuumIO/conda,26,27
1381885,https://api.github.com/repos/twitter/tormenta,227,23
1417117,https://api.github.com/repos/Wikia/selenium-tests,49,78
1418631,https://api.github.com/repos/att-cloud/cookbook-keystone,33,47
1433342,https://api.github.com/repos/4teamwork/ftw.contentpage,14,100
1438057,https://api.github.com/repos/eva3/Evangelion--3.0-Translation,10,53
1448041,https://api.github.com/repos/GrabNetworks/grabpress,16,232
1461906,https://api.github.com/repos/oerpub/Aloha-Editor,16,84
1503167,https://api.github.com/repos/endosnipe/ENdoSnipe,22,156
1504740,https://api.github.com/repos/Connexions/webview,18,66
1709552,https://api.github.com/repos/mozilla/towtruck,12,21
1766137,https://api.github.com/repos/att-cloud/cookbook-nagios,38,24
1771619,https://api.github.com/repos/mozilla/awsbox,25,26
1774269,https://api.github.com/repos/phpbb/phpBBStatusSite,35,28
1817159,https://api.github.com/repos/SonarCommunity/sonar-cxx,28,43
1861685,https://api.github.com/repos/att-cloud/cookbook-horizon,38,26
1872270,https://api.github.com/repos/clearstorydata/shark,10,35
1951911,https://api.github.com/repos/SCS-hackers-group/Concordia-Shuttle-Bus-App,14,24
2262814,https://api.github.com/repos/krasnoukhov/theoldreader-i18n,22,71
2328482,https://api.github.com/repos/VincentDubois/Web1,10,28
2367064,https://api.github.com/repos/asciidoctor/asciidoctor,21,314
2437400,https://api.github.com/repos/BurgerZ/WeatherBZ,11,43
2488944,https://api.github.com/repos/Netflix/RxJava,13,241
2499569,https://api.github.com/repos/sricola/socode,13,200
2561645,https://api.github.com/repos/ndomar/megasoft-13,17,251
2564988,https://api.github.com/repos/MGhanem/smartsoft-13,15,331
2567801,https://api.github.com/repos/yousraHazem/topsoft-13,11,211
2594872,https://api.github.com/repos/DevYah/coolsoft-13,16,245
2596325,https://api.github.com/repos/NourhanMohamed/Trial,15,20
2596919,https://api.github.com/repos/nrichand/BrownBagLunch,10,83
2601626,https://api.github.com/repos/DinaSaad/sharesoft-13,19,211
2919605,https://api.github.com/repos/exesoft/JSerialize,12,60
3007201,https://api.github.com/repos/aismail/vmgui,11,57
3099609,https://api.github.com/repos/nitinzd/brails,12,33
3206766,https://api.github.com/repos/cgcostume/cgsee,15,29
3238167,https://api.github.com/repos/Tadimsky/vooga,11,86
3261860,https://api.github.com/repos/bzg/isepscripts,19,57
3278192,https://api.github.com/repos/hrydgard/ppsspp-lang,20,253
3825551,https://api.github.com/repos/bundler/bundler,22,600
4032479,https://api.github.com/repos/codalab/codalab,11,24
4271886,https://api.github.com/repos/vaibhavcisin274/invoice-project,10,308
4414484,https://api.github.com/repos/jbantug/meteorERP,14,40
4633996,https://api.github.com/repos/it4korea/dev.study,44,65
4636255,https://api.github.com/repos/KaMaria/RailsGirlsApp,10,21
4909582,https://api.github.com/repos/Pavling/open-data-certificate,15,21
5096793,https://api.github.com/repos/jbantug/anytv-sf2,15,39
5193211,https://api.github.com/repos/githubteacher/pl-sample,30,34
5207109,https://api.github.com/repos/thebravoman/software_engineering_2013,55,38
5566045,https://api.github.com/repos/ychubachi/ccsd_2013,14,21
